ItemID,StockUrl,StockStatus,Quantity,Status,ErrorCode,ShortMessage,LongMessage
355618236013,https://item.fril.jp/01ac27ea4db6c4eb83129b9e77bb0f60,,0,error,21916750,FixedPrice item ended.,"You are not allowed to revise an ended item ""355618236013""."
355627700613,https://item.fril.jp/01b6a68f6b0cd8c8e0002f98e39a9c84,購入に進む,1,error,21916750,FixedPrice item ended.,"You are not allowed to revise an ended item ""355627700613""."
355871084547,https://item.fril.jp/01239013fe68d3a76718982d7ac11850,購入に進む,1,error,21917092,Requested Quantity revision is redundant.,"The existing quantity value is identical to the quantity specified in the request and, therefore, is not modified."
355635962830,https://item.fril.jp/037007f239e192fdee3a9b9b3b12f5e8,購入に進む,1,error,21917092,Requested Quantity revision is redundant.,"The existing quantity value is identical to the quantity specified in the request and, therefore, is not modified."
,https://item.fril.jp/0376d6e2badaffb71353baeef9a144ad,購入に進む,1,success,,,
355627700563,https://item.fril.jp/02057c5ebe6d4999b9650b7a40fbfc51,,0,error,21916750,FixedPrice item ended.,"You are not allowed to revise an ended item ""355627700563""."
,https://item.fril.jp/041c121df416f66cd2b64c1f67349a31,,0,success,,,
,https://item.fril.jp/045520eca409cf85050256a974968bbf,購入に進む,1,success,,,
,https://item.fril.jp/03e7dd2cc694dab4c3eb559898514b9f,,0,success,,,
,https://item.fril.jp/0456bd3bb157899822c572d892e54066,購入に進む,1,success,,,
,https://item.fril.jp/04af4cd915465f366db56d36ff6dcaf0,購入に進む,1,success,,,
,https://item.fril.jp/04a6351eb6a697cdaf9a73e4d107886a,購入に進む,1,success,,,
,https://item.fril.jp/05669d24f3a739f8b0952514c7448881,,0,success,,,
,https://item.fril.jp/053d0e3743eb86a4da5d4ba29d49eee3,購入に進む,1,success,,,
,https://item.fril.jp/04b88238c75c903946a6b3266cfd7772,購入に進む,1,success,,,
,https://item.fril.jp/063e9d7e58d7a13f4b5db28f399fe14c,購入に進む,1,success,,,
,https://item.fril.jp/057b8102ca1d53d0347535f214439749,購入に進む,1,success,,,
,https://item.fril.jp/069c22ab9bbbc9dfafcf0ea1496d1608,,0,success,,,
,https://item.fril.jp/07e7c7ce94556a4dd1f371fa8978c3cb,,0,success,,,
,https://item.fril.jp/06fc5fd0ca20078c882adb5dc4d20c3a,購入に進む,1,success,,,
,https://item.fril.jp/070c34e45942fc9ba084d2fbb8a3f0f9,,0,success,,,
,https://item.fril.jp/08c983f525f2f817373fcc726ba75ca0,購入に進む,1,success,,,
,https://item.fril.jp/084d21d8bf502d2ba17e76c9cdd25d9a,,0,success,,,
,https://item.fril.jp/09c8174ad35bb8c0c4c77067f21db044,,0,success,,,
,https://item.fril.jp/0b18a307813a5b959c97d2de144e4ba9,,0,success,,,
,https://item.fril.jp/08ff1bc037b865ac8c2ad82856dec48a,,0,success,,,
,https://item.fril.jp/0b0c744af8cd9293207532e2009d284e,購入に進む,1,success,,,
,https://item.fril.jp/0b5fb144287cc4847969fc563e6521b0,購入に進む,1,success,,,
,https://item.fril.jp/0bb0662b0e7c709ef5347345de6f7288,購入に進む,1,success,,,
,https://item.fril.jp/0b32b46702637192289d46b096357147,,0,success,,,
,https://item.fril.jp/0c3cb60a07d124a7838ae403cd168c52,,0,success,,,
,https://item.fril.jp/0d8e070fe8f15e54615ad0077a215d15,,0,success,,,
,https://item.fril.jp/0c90656db74806db507fb38f463d6a36,購入に進む,1,success,,,
,https://item.fril.jp/0e004296451c73210a401de879f51af3,購入に進む,1,success,,,
,https://item.fril.jp/0eac8683c559b2ba5754d3fe8b971666,購入に進む,1,success,,,
,https://item.fril.jp/0de6ab4ed37afe12c694dfe5f6b18331,,0,success,,,
,https://item.fril.jp/0ff11bc311ef530e73046e6fbe0fb4d7,,0,success,,,
,https://item.fril.jp/0ecd19f1237e559d174884fd8a2b1e6f,購入に進む,1,success,,,
,https://item.fril.jp/10adaba1054acf73d4fe05a364c258ac,購入に進む,1,success,,,
,https://item.fril.jp/1185eb2d0b70baeec74f37bc00711426,購入に進む,1,success,,,
,https://item.fril.jp/10bc6cfdcb7ddfea7fcae2505c6f302b,購入に進む,1,success,,,
,https://item.fril.jp/10b619701f2a8e24d81bc62a66646d4c,,0,success,,,
,https://item.fril.jp/14a141344e4bdb2588df135fdd5310a1,,0,success,,,
,https://item.fril.jp/1407b227d5a0b423a5c7f3322c378682,,0,success,,,
,https://item.fril.jp/11ecfdc6509efbc387971610836f7b2c,,0,success,,,
,https://item.fril.jp/152cef314a8d3a957701f2095f741ec6,,0,success,,,
,https://item.fril.jp/14e406069a5ffad5463d66c408cbfe10,購入に進む,1,success,,,
,https://item.fril.jp/1507da36e195918e77ef960f79395cb6,購入に進む,1,success,,,
,https://item.fril.jp/15f01f442297ae3376e252bce2484d0a,購入に進む,1,success,,,
,https://item.fril.jp/15c6b4386ca3fd0e7f27bcbfa2394ad3,購入に進む,1,success,,,
,https://item.fril.jp/1536b994862398e791a038a91dcd0fb2,購入に進む,1,success,,,
,https://item.fril.jp/16971979ef2b9f3ae7ad34562b7b43e9,,0,success,,,
,https://item.fril.jp/175e56a6a175d947341b2d63ff712638,,0,success,,,
,https://item.fril.jp/16d864352c66bcab62a293b6865d63a6,,0,success,,,
,https://item.fril.jp/183ba3f477d957e7fca6932dbba2371c,,0,success,,,
,https://item.fril.jp/174a42b486720f3a8356da5ca365b946,,0,success,,,
,https://item.fril.jp/1810f7e99dfb5c980922bd76af6eae56,購入に進む,1,success,,,
,https://item.fril.jp/1980823ab2a2b9f4713985cbfd2f311c,,0,success,,,
,https://item.fril.jp/19d7c5b196135f2694506d0c5a1913ef,,0,success,,,
,https://item.fril.jp/1ae806bf6e0e71c0f6530e3327d3e2c9,,0,success,,,
,https://item.fril.jp/1b9cc31d924e3f8a41231d5bfcefba03,購入に進む,1,success,,,
,https://item.fril.jp/1afd47b053b6a0b93cff547330590283,,0,success,,,
,https://item.fril.jp/1b71bf0df6772a4bac260bc1b08752cd,,0,success,,,
,https://item.fril.jp/1c3489bdbb561fd8bd93b821f21f537f,購入に進む,1,success,,,
,https://item.fril.jp/1ce8245b96d7609b320e3afb53fab5e2,,0,success,,,
,https://item.fril.jp/1bed33f27f432005d51883483cef1aeb,購入に進む,1,success,,,
,https://item.fril.jp/1d176baf089261e8928db64c391b3b45,購入に進む,1,success,,,
,https://item.fril.jp/1e4e3e0aa6fcc18592efe9dfa87645d8,,0,success,,,
,https://item.fril.jp/1ce9b7c6321efb119042ba85eec3f1f4,購入に進む,1,success,,,
,https://item.fril.jp/1e5641e90262bba6107b72db254cfd36,購入に進む,1,success,,,
,https://item.fril.jp/1e72fde485d75e796809ab0dcddcb2fe,購入に進む,1,success,,,
,https://item.fril.jp/1f0655c75e5337738d1262066b39cb0d,,0,success,,,
,https://item.fril.jp/1f4fba07fbe027bfea7e211a7ac69d9e,購入に進む,1,success,,,
,https://item.fril.jp/1fec8963c448cf4523a24dbd48e2eb48,購入に進む,1,success,,,
,https://item.fril.jp/1f6874786bd144b5e29b0293a54a098f,購入に進む,1,success,,,
,https://item.fril.jp/206a6fbd48576e2b96921f017ada8f41,,0,success,,,
,https://item.fril.jp/219e290cf7d9478a476b1fabe6014844,購入に進む,1,success,,,
,https://item.fril.jp/216f7b8e4d50e1355f056586742a8378,,0,success,,,
,https://item.fril.jp/223f7a43888ef14ef49b0b5527fe0670,購入に進む,1,success,,,
,https://item.fril.jp/2305a897da581dc7c0da864da1df73a7,購入に進む,1,success,,,
,https://item.fril.jp/236b4ff340d9abd0015649b70f821486,,0,success,,,
,https://item.fril.jp/23980c6da4ad65121717988185a59265,購入に進む,1,success,,,
,https://item.fril.jp/2403602900b0d0a8bff019b8395700f4,,0,success,,,
,https://item.fril.jp/23ae2fd66b8bf7cd2b5f863fe9509057,,0,success,,,
,https://item.fril.jp/25bb496146873af3e7254c85a43cb83c,,0,success,,,
,https://item.fril.jp/24bafb3ee116733d6579a9ceca3c2047,,0,success,,,
,https://item.fril.jp/258856e6786bc30768051781022f2bfd,購入に進む,1,success,,,
,https://item.fril.jp/26b45c27f292a6b588fa908fc174709c,,0,success,,,
,https://item.fril.jp/2618760bbe46c2353a1fb0492a208b02,購入に進む,1,success,,,
,https://item.fril.jp/260ab56364d71f545f4e24b425134175,購入に進む,1,success,,,
,https://item.fril.jp/273310411ffebe77640dfde30aef5d48,購入に進む,1,success,,,
,https://item.fril.jp/26cf8f3869f1fea5e3bc24a1acbddf3d,購入に進む,1,success,,,
,https://item.fril.jp/275a961786b9f5d8b310fe7f0eb30186,購入に進む,1,success,,,
,https://item.fril.jp/293d46c09e6358a67d623d52cd276776,購入に進む,1,success,,,
,https://item.fril.jp/29d4c5ddc7180c09256ad09e80ca001c,,0,success,,,
,https://item.fril.jp/28befaf43fad0c5c02e78f93b4a66588,購入に進む,1,success,,,
,https://item.fril.jp/2bdbedca81da12d74eb95ba29533f244,購入に進む,1,success,,,
,https://item.fril.jp/2ece5aa869347cb7dcd30b770308d6b5,購入に進む,1,success,,,
,https://item.fril.jp/2a13a3272e74756744ca5c4a45e92769,購入に進む,1,success,,,
,https://item.fril.jp/2f499e77ceb0cb848bc1201fe31637b0,購入に進む,1,success,,,
,https://item.fril.jp/2f6cbb15a99633f43acbecad1014fc98,,0,success,,,
,https://item.fril.jp/2f301e5a6a9a0247086792ed6e215160,購入に進む,1,success,,,
,https://item.fril.jp/2fd135d5206066793eece6c5c02917a1,,0,success,,,
,https://item.fril.jp/2fce29dbda8cdcdbe9f8053ce0aae59f,,0,success,,,
,https://item.fril.jp/305bdb3747a736c2c81864c93d2da3f0,購入に進む,1,success,,,
,https://item.fril.jp/31574e4c2120878a43950ba26c2be8f4,,0,success,,,
,https://item.fril.jp/3126c027431cf009939ee2c87a9c0fb9,,0,success,,,
,https://item.fril.jp/3146c067ce590936373fe773fa0f296b,,0,success,,,
,https://item.fril.jp/31f7c25b4809ba92eecf260657846f56,,0,success,,,
,https://item.fril.jp/31576e06833a615f9c97cb4f77c81623,購入に進む,1,success,,,
,https://item.fril.jp/3220cb34594828f291599eb7e2000466,購入に進む,1,success,,,
,https://item.fril.jp/35a1b53083df6c65558b1198028f44f9,,0,success,,,
,https://item.fril.jp/345523df537835566fee5130b3938afd,購入に進む,1,success,,,
,https://item.fril.jp/33b74b399331afa1fbcdb52d6d599bf7,,0,success,,,
,https://item.fril.jp/35b939a000dcd777c23f7924c8b735b5,購入に進む,1,success,,,
,https://item.fril.jp/35cb7005c9b66a6cd9ed7fb9439c4e9c,購入に進む,1,success,,,
,https://item.fril.jp/3569febcbb19bfceda0dfc425c62c1ad,購入に進む,1,success,,,
,https://item.fril.jp/36a5b02be19074316e9cafdd1cc6a768,,0,success,,,
,https://item.fril.jp/36947d2b97406f4431564bb6804ed470,,0,success,,,
,https://item.fril.jp/36f58474d87954213685696f16af87ac,購入に進む,1,success,,,
,https://item.fril.jp/38e5839d42677c49cf4b56db75c33e6d,,0,success,,,
,https://item.fril.jp/3764ecdaff37773317f1e296646f8719,,0,success,,,
,https://item.fril.jp/375723be168ee08a962ce762d4a8a648,購入に進む,1,success,,,
,https://item.fril.jp/38fdcdff6c42101165b7896329d2f202,,0,success,,,
,https://item.fril.jp/3a671e1d07a02595566531b59e7c7d6b,,0,success,,,
,https://item.fril.jp/39bfcdfeb432a991d74ab4bbf6071395,,0,success,,,
,https://item.fril.jp/3b983db5aa48fe11d0fa161e98bbd180,購入に進む,1,success,,,
,https://item.fril.jp/3d04978d56c246161d31a38d6b9607f7,,0,success,,,
,https://item.fril.jp/3ccead2c39cc792c6118155a7a8637dc,,0,success,,,
,https://item.fril.jp/3e84ff6f1f71f317a6379fd7869ab46d,購入に進む,1,success,,,
,https://item.fril.jp/3d236d11b36022751e0202a29ec36214,,0,success,,,
,https://item.fril.jp/3e7b739d481f0b8ae4e37cd4a144fef8,,0,success,,,
,https://item.fril.jp/3efbf276c6f76bb3ffa1c337624cb180,,0,success,,,
,https://item.fril.jp/3ff46c18e97e6b2dfa87ead0d523c9b9,,0,success,,,
,https://item.fril.jp/3eadd2ce62cccaaada9927c7d21bb307,,0,success,,,
,https://item.fril.jp/40571df74eb58aa2afd6eebb99cbcff3,,0,success,,,
,https://item.fril.jp/401c9951a295114246db1bc47307ff21,,0,success,,,
,https://item.fril.jp/412878577cd2f0d868835e5c9f6cd0fd,,0,success,,,
,https://item.fril.jp/41452634e412d6a0b932a43e94c4a525,購入に進む,1,success,,,
,https://item.fril.jp/41d01629ab9b44d4f0789806c55cf293,,0,success,,,
,https://item.fril.jp/41b83bb316798be57aa83aeff937d298,購入に進む,1,success,,,
,https://item.fril.jp/433575f80e30b32207f29637e4d1b12d,購入に進む,1,success,,,
,https://item.fril.jp/444527d08b5a67fdd4c837fb45f726e9,購入に進む,1,success,,,
,https://item.fril.jp/420dc2b4a411e47e07b8d083b9d263d1,購入に進む,1,success,,,
,https://item.fril.jp/44651ffc6b69790d6e16601be7096d26,購入に進む,1,success,,,
,https://item.fril.jp/43d20d9323097c6321330f4f80b5baa2,,0,success,,,
,https://item.fril.jp/44877d8ee84fffe66e89baef23deb35b,購入に進む,1,success,,,
,https://item.fril.jp/45169e50a2ec0e06c91f4cd1e8cbae65,,0,success,,,
,https://item.fril.jp/45b6b50f11aa6678e4ef7bcdee75b8d4,,0,success,,,
,https://item.fril.jp/46152386073b85234fd2a9bc88348ad5,,0,success,,,
,https://item.fril.jp/46509d1a868d709a577cbdeab33e93dd,,0,success,,,
,https://item.fril.jp/464e31dc4e97597e7ee999cd645727f4,,0,success,,,
,https://item.fril.jp/46644039139488f2f1cbdfb441a626b6,,0,success,,,
,https://item.fril.jp/475690650b685b8c473de9025d8dcbc0,購入に進む,1,success,,,
,https://item.fril.jp/48dc56b3f06fe0278fcfe87e28366abc,,0,success,,,
,https://item.fril.jp/470372f20c81234101854a548f3c2239,購入に進む,1,success,,,
,https://item.fril.jp/49d3072c87069969c2f84122dac43ef1,購入に進む,1,success,,,
,https://item.fril.jp/492f1c9ea7127ada32c2785132c8b283,,0,success,,,
,https://item.fril.jp/4adf74c64caeea6a89e346a3eb438efe,,0,success,,,
,https://item.fril.jp/4a7ec7e754df65dba2e811a122cf58d2,購入に進む,1,success,,,
,https://item.fril.jp/4ae4e0f786e102a2b72b7a006d2d9fec,,0,success,,,
,https://item.fril.jp/4b33ed60235f32c8aaa479a8ce4739fc,購入に進む,1,success,,,
,https://item.fril.jp/4ca652daf8572b35ba285edf14133c07,購入に進む,1,success,,,
,https://item.fril.jp/4b57ad4e7a65030a38354a902de14a25,購入に進む,1,success,,,
,https://item.fril.jp/4c0e9c7b85377bd524b6f908d835669f,購入に進む,1,success,,,
,https://item.fril.jp/4d316cf6232338bf37532a13f716c482,購入に進む,1,success,,,
,https://item.fril.jp/4cff989e7719d0c02ad2420da9201ec0,購入に進む,1,success,,,
,https://item.fril.jp/4ce6c87d432799aba96161f2594a8060,購入に進む,1,success,,,
,https://item.fril.jp/4da897facc6980a2d43c0de657fd79d2,,0,success,,,
,https://item.fril.jp/4d9bccb42900901dd0ee7fa7ce34cfe4,購入に進む,1,success,,,
,https://item.fril.jp/4db1022615a09e1360b28c61a2a3e1c5,購入に進む,1,success,,,
,https://item.fril.jp/4db481ce98752555470f04eb3e9439ce,購入に進む,1,success,,,
,https://item.fril.jp/4e4998a589328df4e7eb6db39e6e14d8,購入に進む,1,success,,,
,https://item.fril.jp/4fc28fddf4aee3ae224445a948ec7bb3,購入に進む,1,success,,,
,https://item.fril.jp/5089e55e94f5f262dbd29297ab5f8424,購入に進む,1,success,,,
,https://item.fril.jp/5065a79218140787a825cf1d49c02bdf,,0,success,,,
,https://item.fril.jp/50369098b9cb84d8371a7b9d0645ce4d,,0,success,,,
,https://item.fril.jp/5145f766f512dc9d413495403b1eebe3,,0,success,,,
,https://item.fril.jp/516a83ee47b4c341e5f8a8c718a50117,,0,success,,,
,https://item.fril.jp/510d97b5cd7e00636f188546e4644b2e,購入に進む,1,success,,,
,https://item.fril.jp/5234f3dcad2592d7c62dc1a43441427a,,0,success,,,
,https://item.fril.jp/5339542015d4a290c62624625c143c77,,0,success,,,
,https://item.fril.jp/51d8f931ec78f0a24cb3dbd4fca9ec33,,0,success,,,
,https://item.fril.jp/54cc8d1b44497ba4aba6f585a32c6389,,0,success,,,
,https://item.fril.jp/53f1fdb407e5b73165222215ab7d8d2c,,0,success,,,
,https://item.fril.jp/53981107a76492b794e7f47be36a5393,,0,success,,,
,https://item.fril.jp/566cfb822e8b1b3429638a7e6e05d739,購入に進む,1,success,,,
,https://item.fril.jp/56b57503cf0795a2e5f5b62a042be4aa,,0,success,,,
,https://item.fril.jp/54e4549c6e06bc5b43e7b00012bfa833,購入に進む,1,success,,,
,https://item.fril.jp/57b9ca8c8259a55f85605e9edfc89120,購入に進む,1,success,,,
,https://item.fril.jp/58885604ed96733529897605204a88de,購入に進む,1,success,,,
,https://item.fril.jp/58183336b81c145abd6331252adfeae7,購入に進む,1,success,,,
,https://item.fril.jp/5917c3cf94e601532d846ee933d9c557,購入に進む,1,success,,,
,https://item.fril.jp/5a25f1422f882569e875593efdad66fe,購入に進む,1,success,,,
,https://item.fril.jp/58edb61a0fe31f9d918f530d9cda5455,購入に進む,1,success,,,
,https://item.fril.jp/5a57a5a90ff96677af42b2ac3adea9f6,購入に進む,1,success,,,
,https://item.fril.jp/5ab8187c279f6a46b6242469a574bb02,,0,success,,,
,https://item.fril.jp/5aec1f00a11d60be6b0d5b19727ee83d,購入に進む,1,success,,,
,https://item.fril.jp/5af9bc18eaf3477ab159ba4aa38e7007,購入に進む,1,success,,,
,https://item.fril.jp/5bbe2e0b3ee37e229b064ba3c9dc70ea,購入に進む,1,success,,,
,https://item.fril.jp/5b3a3a04101d8716f91a605c70df68ad,購入に進む,1,success,,,
,https://item.fril.jp/5d2c5897e60c896ee10797392932349e,購入に進む,1,success,,,
,https://item.fril.jp/5ce432c83be4ced05263982663ff2361,,0,success,,,
,https://item.fril.jp/5d0e4e489e3d1fd95860feb67f8b4c15,購入に進む,1,success,,,
,https://item.fril.jp/5dd34c86f638162040d0defd2fa5bac2,購入に進む,1,success,,,
,https://item.fril.jp/5fda6aec32e1da24deed8680587a02a0,購入に進む,1,success,,,
,https://item.fril.jp/5d5e0ba22d67f44436728be3f51e6cb8,,0,success,,,
,https://item.fril.jp/6041b157e49482cd8142e0b76d838cf9,,0,success,,,
,https://item.fril.jp/601a8afd32c2818befb4e90ab51a368e,購入に進む,1,success,,,
,https://item.fril.jp/614ba270f778573825417ea5542db869,,0,success,,,
,https://item.fril.jp/63b935ee3079337ad92e4a13dd90f7ed,購入に進む,1,success,,,
,https://item.fril.jp/63b335f9b7ccfdfa12a3c0643f3d5191,購入に進む,1,success,,,
,https://item.fril.jp/65412f2c08d019481f136bb4aea031f3,購入に進む,1,success,,,
,https://item.fril.jp/680e30b43a92587092e5848bb4c45296,購入に進む,1,success,,,
,https://item.fril.jp/6940ba56b32d2b10b58f7d5d15b0fef7,購入に進む,1,success,,,
,https://item.fril.jp/69f9a5fd5c7b3fc4a418281ff9339547,購入に進む,1,success,,,
,https://item.fril.jp/6ba5f0a1a3b1a23673aa8c8652add159,購入に進む,1,success,,,
,https://item.fril.jp/6b64d7f4fa69d0fa892d29b51f15947a,購入に進む,1,success,,,
,https://item.fril.jp/6a3c042978a33b49f56c4da5519bb9c8,購入に進む,1,success,,,
,https://item.fril.jp/6d57b4d6ee5f49ef91479850336a91b3,,0,success,,,
,https://item.fril.jp/6f0cc9836e08281f852cf794f0f81e02,購入に進む,1,success,,,
,https://item.fril.jp/6bdba0f0519f7e268ec864c5f854f229,,0,success,,,
,https://item.fril.jp/7194c3099d84fc4b0bf065f4e0235210,,0,success,,,
,https://item.fril.jp/7218235784a771e687e8b9497e86e202,購入に進む,1,success,,,
,https://item.fril.jp/6ed63b3cdb30daa688cff909e82ea132,,0,success,,,
,https://item.fril.jp/744dee65aab31dae44e0b8c4c3d45970,,0,success,,,
,https://item.fril.jp/725ed06596e4180bce006b4713d810fc,購入に進む,1,success,,,
,https://item.fril.jp/73db3c9a845e04d815ff5ef10ae03a12,購入に進む,1,success,,,
,https://item.fril.jp/756f6ee3b215e126abac06a9c4918865,,0,success,,,
,https://item.fril.jp/74ce7115dad558d655e081f92bb8cc21,,0,success,,,
,https://item.fril.jp/7470d97f1b41f867f926da67f7f70f15,購入に進む,1,success,,,
,https://item.fril.jp/758a7ca6e0849a30d9a0f2074d9abb6e,,0,success,,,
,https://item.fril.jp/7505ad9aae06fcd168f18f81b485edb8,購入に進む,1,success,,,
,https://item.fril.jp/75c9c8ebeee274e7a45f5b9e6cc06d61,,0,success,,,
,https://item.fril.jp/76737e1df0982bc88250c71073654732,,0,success,,,
,https://item.fril.jp/762437cca9f1f85cc2e27e72dc64c1cf,,0,success,,,
,https://item.fril.jp/7608da225a597444b402e90648b6695e,,0,success,,,
,https://item.fril.jp/78318d638cad558fa319aa6470a00050,,0,success,,,
,https://item.fril.jp/78effaa1bf221232be64b7253ab3e040,,0,success,,,
,https://item.fril.jp/76809618ab785a18c0e82e1885a87fca,,0,success,,,
,https://item.fril.jp/797c041b0cd8c2058dda6b623adc5587,,0,success,,,
,https://item.fril.jp/79d0bb8623c6abbf150a94b475290cbb,購入に進む,1,success,,,
,https://item.fril.jp/796ef8573cf17a2ffdfe555df63bc2ec,購入に進む,1,success,,,
,https://item.fril.jp/7bcd8e2570ba4ecac9500aff8e239b50,購入に進む,1,success,,,
,https://item.fril.jp/7b422d4abe7153cec91cb486c5452670,購入に進む,1,success,,,
,https://item.fril.jp/7e743f220449a52739b9b06b849e5cff,購入に進む,1,success,,,
,https://item.fril.jp/7c15e933312737bf70e12d2956019276,購入に進む,1,success,,,
,https://item.fril.jp/7ec9c2af586d53e6fcd874149039983f,購入に進む,1,success,,,
,https://item.fril.jp/7f4ae538f6887ce79b552bd8ee1ffbc9,購入に進む,1,success,,,
,https://item.fril.jp/7f70eca9f5a0f99aa5d8c99ed618f42a,,0,success,,,
,https://item.fril.jp/7f4af73d8bd1b69c1667d57b254cf92c,購入に進む,1,success,,,
,https://item.fril.jp/7f75db16355f825f55026a1a08d1c80f,購入に進む,1,success,,,
,https://item.fril.jp/80ab42fe74727187cc59f5d1015496d4,購入に進む,1,success,,,
,https://item.fril.jp/7fa44323b8954355743e1777dd7d1602,購入に進む,1,success,,,
,https://item.fril.jp/809add12c2d14d0bdfc963eeae375e1e,,0,success,,,
,https://item.fril.jp/80abcfc7569978eb9d412be254bfc08d,購入に進む,1,success,,,
,https://item.fril.jp/80e8a6eb9270988c40af06b060b2d826,購入に進む,1,success,,,
,https://item.fril.jp/8230208de8599dac6eda407ef1892163,,0,success,,,
,https://item.fril.jp/82cd3405298edf1050471f7e96a5d35c,購入に進む,1,success,,,
,https://item.fril.jp/82386aa3ffca460d3d29880be1d14acc,,0,success,,,
,https://item.fril.jp/824117b75a5122186532bf59f3ad0792,,0,success,,,
,https://item.fril.jp/82561a711e89422de5e654b70ade3835,,0,success,,,
,https://item.fril.jp/85e22bee62bd3ef2ed582121499571a2,,0,success,,,
,https://item.fril.jp/8431b0cd9b7221af7627126521e85b23,,0,success,,,
,https://item.fril.jp/89bfe91bf047f2b479262f87c681cb67,,0,success,,,
,https://item.fril.jp/86102c72bc6204254c7f56be64e6151c,購入に進む,1,success,,,
,https://item.fril.jp/89c08e22f6f05f4c037d377ab6fbcfcf,,0,success,,,
,https://item.fril.jp/89fa1e2f88888c328a1a54bb38dbefe1,購入に進む,1,success,,,
,https://item.fril.jp/8a4a19a6670ccf65b97512c7b1c21d2a,購入に進む,1,success,,,
,https://item.fril.jp/8a31a2af45f426709b469b55a452689d,購入に進む,1,success,,,
,https://item.fril.jp/8bd423dc79d5f555fb007854b6373582,購入に進む,1,success,,,
,https://item.fril.jp/8b9cd580851b57cc454850048eb5749a,購入に進む,1,success,,,
,https://item.fril.jp/8b23f8c4e1a68940b4c274e646d1b6ab,購入に進む,1,success,,,
,https://item.fril.jp/8c518b7506bc0ff08fb043b3a17ea51c,購入に進む,1,success,,,
,https://item.fril.jp/8da6fe429c8a2bfe6f64c99aa8e6dab2,購入に進む,1,success,,,
,https://item.fril.jp/8c76d06a7f0c8eacbc57723bf9ba1f75,,0,success,,,
,https://item.fril.jp/8e5bfffbc952455a813823b4ccc77f37,購入に進む,1,success,,,
,https://item.fril.jp/8df9890c7a4ce3eab89e5121702341ce,,0,success,,,
,https://item.fril.jp/8db06cc7695f0b35ffd46f06807809a8,,0,success,,,
,https://item.fril.jp/8fd8991c2e20288c829074a4db79798d,,0,success,,,
,https://item.fril.jp/907b9338ec49ecbea65a97438f5015d0,購入に進む,1,success,,,
,https://item.fril.jp/8e69efb68bac2a403690bf7acba700c8,購入に進む,1,success,,,
,https://item.fril.jp/90a8744da142f2008bbd70dffec5adc0,,0,success,,,
,https://item.fril.jp/90dafec5d329ea655a8279244c8ceb4b,購入に進む,1,success,,,
,https://item.fril.jp/91324279c9214b53a14dcac99c3a2a84,購入に進む,1,success,,,
,https://item.fril.jp/920172ce76d27ad5586f343cb54e61ec,購入に進む,1,success,,,
,https://item.fril.jp/92eba9130c8e63e2f3312db088a94e04,,0,success,,,
,https://item.fril.jp/91930456ae3c324217301558b5f13283,購入に進む,1,success,,,
,https://item.fril.jp/9469a55d257708e17c4bf83c3eb8909c,,0,success,,,
,https://item.fril.jp/9347cbc86f18809e185e27c888eab163,,0,success,,,
,https://item.fril.jp/941173295266ad9f57c5fb77ce1d0c27,購入に進む,1,success,,,
,https://item.fril.jp/950cc26aebab783e615705dbfde62cfc,,0,success,,,
,https://item.fril.jp/959cd297950eef884584d13576de8dbc,購入に進む,1,success,,,
,https://item.fril.jp/953664512ebf96f32daa8e086c1c81fa,,0,success,,,
,https://item.fril.jp/96b5ca431d600c3e466206b063a60000,購入に進む,1,success,,,
,https://item.fril.jp/962448fb454c124a3e5810c62faf9fc5,購入に進む,1,success,,,
,https://item.fril.jp/965b365530ca7747b5eff612a1495eb3,購入に進む,1,success,,,
,https://item.fril.jp/978ab3e98077b6d85dd4d39dc841ac9d,購入に進む,1,success,,,
,https://item.fril.jp/9790d1ad3fdffbf552286708fcd53ca0,,0,success,,,
,https://item.fril.jp/96e09263e74bc461a9c8968697df51e4,購入に進む,1,success,,,
,https://item.fril.jp/98d4b313410b905eb34d7761b1317b1e,購入に進む,1,success,,,
,https://item.fril.jp/991448ed37401d3155e65057937fac59,購入に進む,1,success,,,
,https://item.fril.jp/98a65b178a46fcd68e088a0558f77d72,購入に進む,1,success,,,
,https://item.fril.jp/9aa67a99a545eb4e38d59f5569676ea6,,0,success,,,
,https://item.fril.jp/998cc8cf6aeef7ca3a838c8e16173fce,購入に進む,1,success,,,
,https://item.fril.jp/99dcff5296506b263419cbf80f2e40f4,購入に進む,1,success,,,
,https://item.fril.jp/9d626dd7d25029518e60f1d2b64ea19e,購入に進む,1,success,,,
,https://item.fril.jp/9a3d0df05f4082beb75fdc2def8a2fb5,購入に進む,1,success,,,
,https://item.fril.jp/9c0cb11b667682584341bace1ba9795f,,0,success,,,
,https://item.fril.jp/9e4ce005677dbf67c71e70838c276ba2,購入に進む,1,success,,,
,https://item.fril.jp/9f2a21b37461ca708c9d4a07b3a9b679,購入に進む,1,success,,,
,https://item.fril.jp/9e5306fa161bd9b513d5050285c94756,購入に進む,1,success,,,
,https://item.fril.jp/9fe238685bb914d953de31ef645f336e,,0,success,,,
,https://item.fril.jp/a0fff48cde39806bf59e3c2e10953ff0,購入に進む,1,success,,,
,https://item.fril.jp/a13a9fc357a14e32b5cbed74128b8bfb,購入に進む,1,success,,,
,https://item.fril.jp/a17b637ce0df40c19df257e63dc6a134,購入に進む,1,success,,,
,https://item.fril.jp/a17fac58a7991c7ee4c4026cdce4eb02,購入に進む,1,success,,,
,https://item.fril.jp/a13afadd34357b13e19485dd7d1ee001,,0,success,,,
,https://item.fril.jp/a216503c0cf315951c6f6a14c8cf62fa,購入に進む,1,success,,,
,https://item.fril.jp/a1b90466c9a6776947f54da6b04009a5,,0,success,,,
,https://item.fril.jp/a28eac5691dc5d9c9ed29d87839c992c,,0,success,,,
,https://item.fril.jp/a2dc01eb3e5ba5d972946de75dd9a2ee,購入に進む,1,success,,,
,https://item.fril.jp/a30aa306875a18714da8509c6c841414,,0,success,,,
,https://item.fril.jp/a31f3883c36edbae87a39e8ef2007081,購入に進む,1,success,,,
,https://item.fril.jp/a3664837dff9e70cd1dda64d6e69eb62,,0,success,,,
,https://item.fril.jp/a4403d0304f44600ad49526793207133,購入に進む,1,success,,,
,https://item.fril.jp/a41bdd6b5e60ff949adc941982866987,,0,success,,,
,https://item.fril.jp/a49427fa2350bc434fb4edf9747ce734,購入に進む,1,success,,,
,https://item.fril.jp/a4ae689683320e2263a905500ef3027e,,0,success,,,
,https://item.fril.jp/a498d3d214227b261ebd94e8ef8e3c5b,,0,success,,,
,https://item.fril.jp/a634c36e868fc47d056129ca4e164cc7,購入に進む,1,success,,,
,https://item.fril.jp/a668aefee8aceef844925e3f5f51328c,購入に進む,1,success,,,
,https://item.fril.jp/a55ba5cd6fa23cc843862da5a77262fa,,0,success,,,
,https://item.fril.jp/a725fe147e410043e8fb3ebde64d44df,購入に進む,1,success,,,
,https://item.fril.jp/a8f73eac28f2cc1e7c62c71929f43f7f,購入に進む,1,success,,,
,https://item.fril.jp/a8855c764bdf3670933b42c5359ad707,,0,success,,,
,https://item.fril.jp/a981a537a323ba3265ff6f6f48680cfc,購入に進む,1,success,,,
,https://item.fril.jp/a8f04a086a10aa59925831a388bb1452,,0,success,,,
,https://item.fril.jp/a9265d9b0e5b2a48cd565832d31af455,,0,success,,,
,https://item.fril.jp/abae44a70f79a8c0598a42c3048fc7b5,購入に進む,1,success,,,
,https://item.fril.jp/aa7d32bbfc8b0d6990599b83a6563d4d,購入に進む,1,success,,,
,https://item.fril.jp/ab78c93b2a0283077a0d01aae31de8c9,,0,success,,,
,https://item.fril.jp/ad0f4da1f0495c942c8485d30cce26e9,購入に進む,1,success,,,
,https://item.fril.jp/ac858bec6e2bd6b2e0ab5da9f1d90112,,0,success,,,
,https://item.fril.jp/adb2db397154515aa305648f06fa18cc,,0,success,,,
,https://item.fril.jp/ae4cacf700e6ffab20c21a3ab94e5ed7,,0,success,,,
,https://item.fril.jp/af705052600c183fc7fc29f0a1b07c4e,購入に進む,1,success,,,
,https://item.fril.jp/ae55cff0df7697da4113631e943ab153,購入に進む,1,success,,,
,https://item.fril.jp/af752e48fe61794f51d449003a9cdb17,,0,success,,,
,https://item.fril.jp/b0e06796742217cd16b64cfe6cc1af2d,購入に進む,1,success,,,
,https://item.fril.jp/b0810320a4bc350bf09bfc46104372f0,購入に進む,1,success,,,
,https://item.fril.jp/b2ed285ccf3fb20df58070ac9db20414,,0,success,,,
,https://item.fril.jp/b2b76d2507690666bd9ea422b4ce8ec2,,0,success,,,
,https://item.fril.jp/b2715ac5cf54219298f8a93eb4333d1d,購入に進む,1,success,,,
,https://item.fril.jp/b3ca4324395d10db2c220496a7b6e864,購入に進む,1,success,,,
,https://item.fril.jp/b43b5b260847372d4714ae7cc36bac15,購入に進む,1,success,,,
,https://item.fril.jp/b36089d53dc64c345dc5a30a6978bbfb,,0,success,,,
,https://item.fril.jp/ba06698fc9b5d58a95830b5131e1a706,購入に進む,1,success,,,
,https://item.fril.jp/bae1eb99d266894b5d7debc55c65dfe4,,0,success,,,
,https://item.fril.jp/b966bd854331571bafc907fcdd5bb3bd,,0,success,,,
,https://item.fril.jp/bcb91189f33ef5fcdf7b40ea16cc4f42,購入に進む,1,success,,,
,https://item.fril.jp/baea50baeb0743dc76a0b61b5bd8412b,,0,success,,,
,https://item.fril.jp/baf07dd38a5ebd1a4f4be11279a58404,購入に進む,1,success,,,
,https://item.fril.jp/bd7caab062eb73e637d53fe57a0ea7c5,購入に進む,1,success,,,
,https://item.fril.jp/bd65a9bcf4053de99bddce914b1b71c1,購入に進む,1,success,,,
,https://item.fril.jp/bde09468b76329595375a899412133e6,購入に進む,1,success,,,
,https://item.fril.jp/bef05cf347b252ca1af4bba49ba6a1c6,,0,success,,,
,https://item.fril.jp/bed7779f474a7e5a1778d633fcecba6e,,0,success,,,
,https://item.fril.jp/be854a28ad168a7759ab2271f4594846,,0,success,,,
,https://item.fril.jp/c03e239b37a0c708a5a5fd204311baf0,購入に進む,1,success,,,
,https://item.fril.jp/bf4213918a74d65ff4ec65e5f6dcf7a4,購入に進む,1,success,,,
,https://item.fril.jp/c03d166d01b214e1dd8be9f2c71b1b30,購入に進む,1,success,,,
,https://item.fril.jp/c216cd51ff4b5ce1c13ac85b046e0c65,,0,success,,,
,https://item.fril.jp/c0f60ddcbc78edd811e87bbeea01fcc6,,0,success,,,
,https://item.fril.jp/c0fd1fb425aa8d48108185f4a61a8fd4,,0,success,,,
,https://item.fril.jp/c3ca069457e427a7047ae7f61cb2fc64,購入に進む,1,success,,,
,https://item.fril.jp/c2b9ab0a240ee993bc88f1eda49d8bd0,購入に進む,1,success,,,
,https://item.fril.jp/c4465b759b62ac8b25229d0b7caeff35,購入に進む,1,success,,,
,https://item.fril.jp/c74fa6408eea4fa3471e4a88ffccd25d,購入に進む,1,success,,,
,https://item.fril.jp/c5a7ff771ee2e6058b731f4083290346,,0,success,,,
,https://item.fril.jp/c6f602d9f4e580ee828cd65e5fd9d805,購入に進む,1,success,,,
,https://item.fril.jp/c82bf45cff4f2e024f5a743f174c6f5a,購入に進む,1,success,,,
,https://item.fril.jp/c873aa4bebc574f78773412344fc74c8,,0,success,,,
,https://item.fril.jp/c7ad73982ef40e2aa485f02ab483cdd7,,0,success,,,
,https://item.fril.jp/c9aeac62f6bf3024b8f41b9ce0c53293,,0,success,,,
,https://item.fril.jp/cb44c3a9a33130bc901ed6b9bb809bda,購入に進む,1,success,,,
,https://item.fril.jp/cb39dc5a44c10fff7e96afbf585e24b5,購入に進む,1,success,,,
,https://item.fril.jp/cbc9c63652b188f9c902583a0f1e5cf6,購入に進む,1,success,,,
,https://item.fril.jp/ce8d382183331a92652a3379e2b0088c,,0,success,,,
,https://item.fril.jp/cd2bb3fa06a51d4cd7c4f8c4d086e2b4,,0,success,,,
,https://item.fril.jp/cf68f3637ab036cc545d2fe7d670d1d8,購入に進む,1,success,,,
,https://item.fril.jp/cd346fee14eeaa8360532e346a832b45,購入に進む,1,success,,,
,https://item.fril.jp/cf8596677c4a0370a2233a9ea5853a06,購入に進む,1,success,,,
,https://item.fril.jp/d2e9fdc05280c9fe8717e89abf80948f,購入に進む,1,success,,,
,https://item.fril.jp/d303a579100317406804b1cdf28feb1c,,0,success,,,
,https://item.fril.jp/cfde6915d96d5f3366757ab94618d7b5,購入に進む,1,success,,,
,https://item.fril.jp/d4e31ac6edb277f6f8b9b6a16e3a5320,,0,success,,,
,https://item.fril.jp/d314cf98dee3f6ad928edbd8be82d6dd,購入に進む,1,success,,,
,https://item.fril.jp/d4a26b52b83f5cd3550de395fb3e2b3b,購入に進む,1,success,,,
,https://item.fril.jp/d5477ff8440039bfb8b2cc0d16a8e701,,0,success,,,
,https://item.fril.jp/dbe0637a2ddbbfacdc4ee9048fcafe37,,0,success,,,
,https://item.fril.jp/d5842e6788eafb36692205340587ea14,,0,success,,,
,https://item.fril.jp/dc72a6f37c7e1e46c593add15e677b9c,購入に進む,1,success,,,
,https://item.fril.jp/dcd6b82d05b27bb21f85deffaa8799c0,購入に進む,1,success,,,
,https://item.fril.jp/dcd654cde996e13ada58037432b996ca,購入に進む,1,success,,,
,https://item.fril.jp/de2e27b3bfc304061ed024a00fc2939a,購入に進む,1,success,,,
,https://item.fril.jp/df3b6189c9044a7b0e11ea017f45d403,,0,success,,,
,https://item.fril.jp/e1758a496b3c14f318d6be6f665ca287,購入に進む,1,success,,,
,https://item.fril.jp/e1d7f9bf2c35a994effa5d68ce7e5591,,0,success,,,
,https://item.fril.jp/e326e0b094f45ee35c1e99aea34b7b05,購入に進む,1,success,,,
,https://item.fril.jp/e2f41f7976b0526b7231641ae5bf8016,購入に進む,1,success,,,
,https://item.fril.jp/e42c25c32a7d7cf5840bd3c7a8f12709,,0,success,,,
,https://item.fril.jp/e5879ef2fcae2c28a7039bc48b46fb51,購入に進む,1,success,,,
,https://item.fril.jp/e47cdb60cd3f80df14fab1a642de5011,購入に進む,1,success,,,
,https://item.fril.jp/e4afcb3cff1419b03dc33e4edfc53397,,0,success,,,
,https://item.fril.jp/e540d261609ba9fc553e75203833df66,購入に進む,1,success,,,
,https://item.fril.jp/e626774afcf700f3f713ceec04d75e1d,購入に進む,1,success,,,
,https://item.fril.jp/e97c3570574b7dd54cbe2aae9bf18477,購入に進む,1,success,,,
,https://item.fril.jp/e5675314b74aedd4655e78c88316ddc9,購入に進む,1,success,,,
,https://item.fril.jp/e68438b0f477435a30149e51f9f13c4c,,0,success,,,
,https://item.fril.jp/ea86ef807df66d6c0153e698e532f6db,,0,success,,,
,https://item.fril.jp/eac89f9853695c76191f9463b50af70c,購入に進む,1,success,,,
,https://item.fril.jp/ea05f16f565b73539b30b5b1538464f3,購入に進む,1,success,,,
,https://item.fril.jp/eb6b077a38bf397381fa9b5cdc4973cc,,0,success,,,
,https://item.fril.jp/eb6e3b6aa1426ba444603afea6ee3751,購入に進む,1,success,,,
,https://item.fril.jp/ebdff3ecac8d876bdf848db26bbf0ac1,,0,success,,,
,https://item.fril.jp/edea8310d6bd15a3eb96707a60751a3f,,0,success,,,
,https://item.fril.jp/ec15756f284873fd980420f3be359026,購入に進む,1,success,,,
,https://item.fril.jp/eca5eb0ca8193e2cf5f4d38daf5bf079,,0,success,,,
,https://item.fril.jp/ee1818402965b5811e124d20a150ef88,,0,success,,,
,https://item.fril.jp/eed64c17e1cb1db2884bdbce73782c29,購入に進む,1,success,,,
,https://item.fril.jp/ee6c7c2a65e8a530b9a2bf7afbf20fa4,購入に進む,1,success,,,
,https://item.fril.jp/ef35d544069c70c2d2bfb42768b4bef8,,0,success,,,
,https://item.fril.jp/eee202010a8794332ffa72f3afc5c4a2,購入に進む,1,success,,,
,https://item.fril.jp/ef4ad2fcbf7979c8eb08bc45870e668c,購入に進む,1,success,,,
,https://item.fril.jp/ef3fd1aea7ef656edf277de2ce09941e,購入に進む,1,success,,,
,https://item.fril.jp/ef54df0071cd1671fa265f391a63044c,購入に進む,1,success,,,
,https://item.fril.jp/ef600ab5c9f255da5b75fe62a2cea78e,,0,success,,,
,https://item.fril.jp/f184ed76fbf0c4aba945d05f32baf958,購入に進む,1,success,,,
,https://item.fril.jp/f1dfe05070333eb721621e99492128c8,購入に進む,1,success,,,
,https://item.fril.jp/f1f5195131250b4d2373048e890685e5,購入に進む,1,success,,,
,https://item.fril.jp/f3aaa85509ed7ce6aae0f43f583cf227,,0,success,,,
,https://item.fril.jp/f29f6804aa43953ea6eaa46dc694ee9e,,0,success,,,
,https://item.fril.jp/f447cd6a08d6084e8433c5f410288365,,0,success,,,
,https://item.fril.jp/f629d2b2d831ee42b1e1e6e7c5d3362d,,0,success,,,
,https://item.fril.jp/f5ff856308f53d557b80895e3856606f,購入に進む,1,success,,,
,https://item.fril.jp/f552c53d5f7cb6ae0859298c38eba806,,0,success,,,
,https://item.fril.jp/f7e8e0369ab1fd0abcb4e72f02b7921e,購入に進む,1,success,,,
,https://item.fril.jp/f6c7a6602f86ff28de041292ed7978f1,,0,success,,,
,https://item.fril.jp/f7ef789a80974221788651cc15d95d6d,,0,success,,,
,https://item.fril.jp/f8adfe1f537b0cdd28fcc0f52be02133,,0,success,,,
,https://item.fril.jp/f8d7f1e33660824fd720534df08406fc,購入に進む,1,success,,,
,https://item.fril.jp/f92f4113499da5cb7b2e5fb666948662,,0,success,,,
,https://item.fril.jp/f99f17434149aaf810145a1e71ce0d41,,0,success,,,
,https://item.fril.jp/fa191d85096068620111df6e04b729b3,,0,success,,,
,https://item.fril.jp/f9458ee0d599bffdcfc822d1bc7f3afa,,0,success,,,
,https://item.fril.jp/fa7dfe3e59c214446b5f18f34df68e95,,0,success,,,
,https://item.fril.jp/fc4e19e08737b2fa72dd729a0ca0d5cc,,0,success,,,
,https://item.fril.jp/fa70e05724f3f57a4b08ef0bc9fc0ff1,,0,success,,,
,https://item.fril.jp/fc8ff82b2f210e7e2ebe2e299b6e2a4a,購入に進む,1,success,,,
,https://item.fril.jp/fc54dbed5795e834d5807b83cca04e88,,0,success,,,
,https://item.fril.jp/fbac7d6f6878607f9353aefcdf869096,購入に進む,1,success,,,
,https://item.fril.jp/ff4d24a081443265eb37300791cc25b1,,0,success,,,
,https://item.fril.jp/fdc21be3804e13f44fd9ad7873dbf660,,0,success,,,
,https://item.fril.jp/fd33653d87fc8211ee332f7954bd36cc,,0,success,,,
,https://item.fril.jp/ffc677a17fc6264d70550318a8c7b997,,0,success,,,
,https://item.fril.jp/ffb6a7b0a9da9afe2beb759ac5d2ffc8,,0,success,,,
